budget_fraction,valid_traces,accuracy,c2i_rate,i2c_rate,cumulative_c2i
25%,13,0.15384615384615385,0,0,0
50%,13,0.5384615384615384,0.0,0.38461538461538464,0
70%,13,0.6153846153846154,0.0,0.07692307692307693,0
85%,13,0.7692307692307693,0.0,0.15384615384615385,0
95%,13,0.8461538461538461,0.0,0.07692307692307693,0
100%,13,0.8461538461538461,0.0,0.0,0
